{
  "full_dataset": {
    "distance_values": [
      0.2,
      1.3071428571428572,
      2.4142857142857146,
      3.521428571428572,
      4.628571428571429,
      5.735714285714287,
      6.842857142857143,
      7.95
    ],
    "predicted_times": [
      2.8705087785993033,
      9.342706515149331,
      15.814904251699362,
      22.287101988249393,
      28.759299724799423,
      35.23149746134945,
      41.70369519789948,
      48.17589293444951
    ],
    "lower_intervals": [
      0.375952598769961,
      7.578841744253173,
      14.574993587228157,
      21.061830952148668,
      27.026397275692062,
      32.77337545166111,
      38.44493349119503,
      44.085117575446105
    ],
    "upper_intervals": [
      5.3650649584286665,
      11.10657128604552,
      17.054814916170606,
      23.51237302435016,
      30.492202173906833,
      37.68961947103786,
      44.962456904604,
      52.26666829345298
    ],
    "model_type": "full_dataset"
  },
  "mode_Car": {
    "distance_values": [
      0.2,
      1.3071428571428572,
      2.4142857142857146,
      3.521428571428572,
      4.628571428571429,
      5.735714285714287,
      6.842857142857143,
      7.95
    ],
    "predicted_times": [
      2.2192560826237004,
      6.279603706232342,
      10.339951329840984,
      14.400298953449626,
      18.46064657705827,
      22.520994200666912,
      26.581341824275547,
      30.64168944788419
    ],
    "lower_intervals": [
      1.0636209489695543,
      5.444000287821882,
      9.766401233581767,
      13.923148576403808,
      17.83265662407552,
      21.61046885279576,
      25.343712006227847,
      29.059796640750285
    ],
    "upper_intervals": [
      3.3748912162778377,
      7.115207124642795,
      10.913501426100193,
      14.877449330495441,
      19.088636530041015,
      23.431519548538066,
      27.818971642323255,
      32.2235822550181
    ],
    "model_type": "mode_Car"
  },
  "mode_Bus": {
    "distance_values": [
      0.2,
      1.3071428571428572,
      2.4142857142857146,
      3.521428571428572,
      4.628571428571429,
      5.735714285714287,
      6.842857142857143,
      7.95
    ],
    "predicted_times": [
      -0.4961624084516618,
      9.6583789421286,
      19.812920292708863,
      29.967461643289127,
      40.12200299386939,
      50.276544344449654,
      60.43108569502991,
      70.58562704561015
    ],
    "lower_intervals": [
      -1.659990281909603,
      8.827704063750227,
      19.24920926276786,
      29.479872231834864,
      39.45122681642686,
      49.29962988378105,
      59.10782949010232,
      68.90043386930299
    ],
    "upper_intervals": [
      0.6676654650062732,
      10.48905382050697,
      20.376631322649867,
      30.455051054743382,
      40.79277917131191,
      51.25345880511827,
      61.754341899957524,
      72.27082022191735
    ],
    "model_type": "mode_Bus"
  },
  "mode_Cycle": {
    "distance_values": [
      0.2,
      1.3071428571428572,
      2.4142857142857146,
      3.521428571428572,
      4.628571428571429,
      5.735714285714287,
      6.842857142857143,
      7.95
    ],
    "predicted_times": [
      0.9388372339563141,
      5.063239356693422,
      9.18764147943053,
      13.312043602167638,
      17.436445724904743,
      21.560847847641853,
      25.685249970378962,
      29.809652093116064
    ],
    "lower_intervals": [
      0.6112965387657101,
      4.848359032160697,
      9.042468508221537,
      13.133192211060338,
      17.1555339247514,
      21.158546903493345,
      25.155352196564824,
      29.149539797702182
    ],
    "upper_intervals": [
      1.2663779291469064,
      5.2781196812261415,
      9.33281445063952,
      13.49089499327494,
      17.7173575250581,
      21.96314879179038,
      26.21514774419312,
      30.46976438852998
    ],
    "model_type": "mode_Cycle"
  },
  "mode_Walk": {
    "distance_values": [
      0.2,
      1.3071428571428572,
      2.4142857142857146,
      3.521428571428572,
      4.628571428571429,
      5.735714285714287,
      6.842857142857143,
      7.95
    ],
    "predicted_times": [
      8.487312846288953,
      18.449048729410258,
      28.41078461253156,
      38.372520495652864,
      48.33425637877417,
      58.29599226189548,
      68.25772814501677,
      78.21946402813806
    ],
    "lower_intervals": [
      5.47356050634121,
      16.300391541465643,
      26.62460354536908,
      36.18075215782803,
      45.259041811087684,
      54.15476884646024,
      62.97736748835657,
      71.76544384681861
    ],
    "upper_intervals": [
      11.501065186236707,
      20.597705917354887,
      30.196965679694063,
      40.56428883347771,
      51.40947094646067,
      62.43721567733073,
      73.53808880167699,
      84.67348420945757
    ],
    "model_type": "mode_Walk"
  }
}