{
  "advanced_statistics": {
    "Case": {
      "mean": 141.69534050179212,
      "median": 142.0,
      "std": 81.13447191032807,
      "skewness": -0.013498641605603856,
      "kurtosis": -1.1901795750174278,
      "ci_95_low": 132.13339582274915,
      "ci_95_high": 151.25728518083508,
      "shapiro_stat": 0.9554158827926342,
      "shapiro_p_value": 1.5650224042029622e-07,
      "is_normal": "False"
    },
    "Distance": {
      "mean": 2.9985663082437277,
      "median": 3.0,
      "std": 1.4540125905208512,
      "skewness": 0.2127269949110493,
      "kurtosis": -0.410428379311349,
      "ci_95_low": 2.8272064950122013,
      "ci_95_high": 3.169926121475254,
      "shapiro_stat": 0.9712721851956309,
      "shapiro_p_value": 2.1814498170490196e-05,
      "is_normal": "False"
    },
    "Time": {
      "mean": 19.202898550724637,
      "median": 16.0,
      "std": 12.910409849301583,
      "skewness": 0.879590339116259,
      "kurtosis": -0.41174341513189283,
      "ci_95_low": 17.67304761050976,
      "ci_95_high": 20.732749490939515,
      "shapiro_stat": 0.8777865958772992,
      "shapiro_p_value": 4.740548830133558e-14,
      "is_normal": "False"
    }
  },
  "group_statistics": {
    "Mode": {
      "Case": {
        "Bus": {
          "mean": 139.32894736842104,
          "median": 139.0,
          "std": 84.39611178372216,
          "count": 76,
          "skewness": -0.032690349879469935,
          "kurtosis": -1.227797896551356,
          "ci_95_low": 120.04360968894726,
          "ci_95_high": 158.61428504789484
        },
        "Car": {
          "mean": 145.67469879518072,
          "median": 151.0,
          "std": 82.98208863947174,
          "count": 83,
          "skewness": 0.06186389723929934,
          "kurtosis": -1.2623972338434668,
          "ci_95_low": 127.55505526708882,
          "ci_95_high": 163.79434232327262
        },
        "Cycle": {
          "mean": 142.11267605633802,
          "median": 152.0,
          "std": 81.39542796843683,
          "count": 71,
          "skewness": -0.12651990330054974,
          "kurtosis": -1.1742760921382152,
          "ci_95_low": 122.84669258360975,
          "ci_95_high": 161.37865952906628
        },
        "Walk": {
          "mean": 138.0204081632653,
          "median": 127.0,
          "std": 74.29992423614306,
          "count": 49,
          "skewness": 0.03432230748375749,
          "kurtosis": -1.093287751175009,
          "ci_95_low": 116.67897814068868,
          "ci_95_high": 159.36183818584192
        }
      },
      "Distance": {
        "Bus": {
          "mean": 3.2710526315789474,
          "median": 3.2,
          "std": 1.3991250398706265,
          "count": 76,
          "skewness": -0.059139007829756444,
          "kurtosis": -1.4231261131424378,
          "ci_95_low": 2.951338864209436,
          "ci_95_high": 3.590766398948459
        },
        "Car": {
          "mean": 3.3909638554216874,
          "median": 3.5,
          "std": 1.4346144331660577,
          "count": 83,
          "skewness": 0.21170847844716312,
          "kurtosis": -0.2810483916795121,
          "ci_95_low": 3.077707072477087,
          "ci_95_high": 3.7042206383662877
        },
        "Cycle": {
          "mean": 2.674647887323944,
          "median": 2.6,
          "std": 1.219568812544494,
          "count": 71,
          "skewness": 0.0847479229695504,
          "kurtosis": -0.9653229697343266,
          "ci_95_low": 2.385980659043649,
          "ci_95_high": 2.9633151156042388
        },
        "Walk": {
          "mean": 2.3806122448979594,
          "median": 2.4,
          "std": 1.6037331554886571,
          "count": 49,
          "skewness": 0.793094995785751,
          "kurtosis": 1.2832718622358557,
          "ci_95_low": 1.9199662985579764,
          "ci_95_high": 2.841258191237942
        }
      },
      "Time": {
        "Bus": {
          "mean": 27.67105263157895,
          "median": 26.0,
          "std": 13.00091089926111,
          "count": 76,
          "skewness": -0.08579859148829683,
          "kurtosis": -1.4191867592884746,
          "ci_95_low": 24.70021722774509,
          "ci_95_high": 30.64188803541281
        },
        "Car": {
          "mean": 13.926829268292684,
          "median": 15.0,
          "std": 5.745165413181051,
          "count": 82,
          "skewness": -0.10417386979544749,
          "kurtosis": -1.150251944720049,
          "ci_95_low": 12.664477985136196,
          "ci_95_high": 15.189180551449171
        },
        "Cycle": {
          "mean": 10.085714285714285,
          "median": 10.0,
          "std": 4.503598745038761,
          "count": 70,
          "skewness": -0.009785287775209116,
          "kurtosis": -0.8290007930468861,
          "ci_95_low": 9.011869069860428,
          "ci_95_high": 11.159559501568143
        },
        "Walk": {
          "mean": 28.104166666666668,
          "median": 30.5,
          "std": 15.799595447733994,
          "count": 48,
          "skewness": -0.21127253177297614,
          "kurtosis": -1.5124971567701067,
          "ci_95_low": 23.516442374190493,
          "ci_95_high": 32.69189095914284
        }
      }
    }
  },
  "significance_tests": {
    "Time": {
      "error": "Error performing Tukey HSD test: 'TukeyHSDResults' object has no attribute 'pairindices'",
      "anova_result": {
        "f_statistic": 55.2434189932149,
        "p_value": 6.447227801158591e-28,
        "is_significant": "True",
        "groups": [
          "Bus",
          "Car",
          "Cycle",
          "Walk"
        ]
      }
    },
    "Distance": {
      "error": "Error performing Tukey HSD test: 'TukeyHSDResults' object has no attribute 'pairindices'",
      "anova_result": {
        "f_statistic": 7.524362528069756,
        "p_value": 7.411130198906525e-05,
        "is_significant": "True",
        "groups": [
          "Bus",
          "Car",
          "Cycle",
          "Walk"
        ]
      }
    }
  }
}