{
  "advanced_statistics": {
    "Case": {
      "mean": 141.69534050179212,
      "median": 142.0,
      "std": 81.13447191032807,
      "skewness": -0.013498641605603856,
      "kurtosis": -1.1901795750174278,
      "ci_95_low": 132.13339582274915,
      "ci_95_high": 151.25728518083508,
      "shapiro_stat": 0.9554158827926342,
      "shapiro_p_value": 1.5650224042029622e-07,
      "is_normal": "False"
    },
    "Distance": {
      "mean": 2.9985663082437277,
      "median": 3.0,
      "std": 1.4540125905208512,
      "skewness": 0.2127269949110493,
      "kurtosis": -0.410428379311349,
      "ci_95_low": 2.8272064950122013,
      "ci_95_high": 3.169926121475254,
      "shapiro_stat": 0.9712721851956309,
      "shapiro_p_value": 2.1814498170490196e-05,
      "is_normal": "False"
    },
    "Time": {
      "mean": 19.202898550724637,
      "median": 16.0,
      "std": 12.910409849301583,
      "skewness": 0.879590339116259,
      "kurtosis": -0.41174341513189283,
      "ci_95_low": 17.67304761050976,
      "ci_95_high": 20.732749490939515,
      "shapiro_stat": 0.8777865958772992,
      "shapiro_p_value": 4.740548830133558e-14,
      "is_normal": "False"
    }
  },
  "group_statistics": {
    "Mode": {
      "Case": {
        "Bus": {
          "mean": 139.32894736842104,
          "median": 139.0,
          "std": 84.39611178372216,
          "count": 76,
          "skewness": -0.032690349879469935,
          "kurtosis": -1.227797896551356,
          "ci_95_low": 120.04360968894726,
          "ci_95_high": 158.61428504789484
        },
        "Car": {
          "mean": 144.57647058823528,
          "median": 151.0,
          "std": 83.04307208147041,
          "count": 85,
          "skewness": 0.06561999483238963,
          "kurtosis": -1.2561762548949666,
          "ci_95_low": 126.6644949280992,
          "ci_95_high": 162.48844624837136
        },
        "Cycle": {
          "mean": 143.36231884057972,
          "median": 152.0,
          "std": 81.31022130495988,
          "count": 69,
          "skewness": -0.13595316263423968,
          "kurtosis": -1.1646024029087934,
          "ci_95_low": 123.82947094721982,
          "ci_95_high": 162.89516673393962
        },
        "Walk": {
          "mean": 138.0204081632653,
          "median": 127.0,
          "std": 74.29992423614306,
          "count": 49,
          "skewness": 0.03432230748375749,
          "kurtosis": -1.093287751175009,
          "ci_95_low": 116.67897814068868,
          "ci_95_high": 159.36183818584192
        }
      },
      "Distance": {
        "Bus": {
          "mean": 3.2710526315789474,
          "median": 3.2,
          "std": 1.3991250398706265,
          "count": 76,
          "skewness": -0.059139007829756444,
          "kurtosis": -1.4231261131424378,
          "ci_95_low": 2.951338864209436,
          "ci_95_high": 3.590766398948459
        },
        "Car": {
          "mean": 3.3817647058823535,
          "median": 3.5,
          "std": 1.4374424845393097,
          "count": 85,
          "skewness": 0.20283729915952364,
          "kurtosis": -0.3241714291903701,
          "ci_95_low": 3.071715545241309,
          "ci_95_high": 3.6918138665233977
        },
        "Cycle": {
          "mean": 2.6652173913043473,
          "median": 2.6,
          "std": 1.2090134635260321,
          "count": 69,
          "skewness": 0.0754891440081664,
          "kurtosis": -0.9165036610231154,
          "ci_95_low": 2.3747806454061084,
          "ci_95_high": 2.955654137202586
        },
        "Walk": {
          "mean": 2.3806122448979594,
          "median": 2.4,
          "std": 1.6037331554886571,
          "count": 49,
          "skewness": 0.793094995785751,
          "kurtosis": 1.2832718622358557,
          "ci_95_low": 1.9199662985579764,
          "ci_95_high": 2.841258191237942
        }
      },
      "Time": {
        "Bus": {
          "mean": 27.67105263157895,
          "median": 26.0,
          "std": 13.00091089926111,
          "count": 76,
          "skewness": -0.08579859148829683,
          "kurtosis": -1.4191867592884746,
          "ci_95_low": 24.70021722774509,
          "ci_95_high": 30.64188803541281
        },
        "Car": {
          "mean": 13.904761904761905,
          "median": 15.0,
          "std": 5.730112906263825,
          "count": 84,
          "skewness": -0.09979510454538604,
          "kurtosis": -1.1615583666077718,
          "ci_95_low": 12.661251173562604,
          "ci_95_high": 15.148272635961206
        },
        "Cycle": {
          "mean": 10.0,
          "median": 10.0,
          "std": 4.45876631086732,
          "count": 68,
          "skewness": -0.03538964520512484,
          "kurtosis": -0.8290787479976669,
          "ci_95_low": 8.920748628189157,
          "ci_95_high": 11.079251371810843
        },
        "Walk": {
          "mean": 28.104166666666668,
          "median": 30.5,
          "std": 15.799595447733994,
          "count": 48,
          "skewness": -0.21127253177297614,
          "kurtosis": -1.5124971567701067,
          "ci_95_low": 23.516442374190493,
          "ci_95_high": 32.69189095914284
        }
      }
    }
  },
  "significance_tests": {
    "Time": {
      "error": "Error performing Tukey HSD test: 'TukeyHSDResults' object has no attribute 'pairindices'",
      "anova_result": {
        "f_statistic": 55.3244487622774,
        "p_value": 5.981022523191911e-28,
        "is_significant": "True",
        "groups": [
          "Bus",
          "Car",
          "Cycle",
          "Walk"
        ]
      }
    },
    "Distance": {
      "error": "Error performing Tukey HSD test: 'TukeyHSDResults' object has no attribute 'pairindices'",
      "anova_result": {
        "f_statistic": 7.509633003865876,
        "p_value": 7.557752726774079e-05,
        "is_significant": "True",
        "groups": [
          "Bus",
          "Car",
          "Cycle",
          "Walk"
        ]
      }
    }
  }
}