{
  "full_dataset": {
    "distance_values": [
      0.2,
      1.3071428571428572,
      2.4142857142857146,
      3.521428571428572,
      4.628571428571429,
      5.735714285714287,
      6.842857142857143,
      7.95
    ],
    "predicted_times": [
      2.939802287034402,
      9.381191339250865,
      15.82258039146733,
      22.263969443683795,
      28.705358495900256,
      35.14674754811672,
      41.588136600333186,
      48.02952565254965
    ],
    "lower_intervals": [
      0.43330675108726124,
      7.607453249685889,
      14.578114301080872,
      21.043245481861387,
      26.98182716955005,
      32.69932531728873,
      38.34035073607287,
      43.94966382090331
    ],
    "upper_intervals": [
      5.446297822981528,
      11.154929428815834,
      17.067046481853794,
      23.48469340550621,
      30.428889822250483,
      37.59416977894474,
      44.83592246459353,
      52.10938748419602
    ],
    "model_type": "full_dataset"
  },
  "mode_Car": {
    "distance_values": [
      0.2,
      1.3071428571428572,
      2.4142857142857146,
      3.521428571428572,
      4.628571428571429,
      5.735714285714287,
      6.842857142857143,
      7.95
    ],
    "predicted_times": [
      2.255517454919132,
      6.323249538157675,
      10.39098162139622,
      14.458713704634762,
      18.526445787873307,
      22.59417787111185,
      26.661909954350392,
      30.729642037588935
    ],
    "lower_intervals": [
      1.1004684975841559,
      5.487428851334794,
      9.817706970580803,
      13.985130651644045,
      17.905553310097577,
      21.692887957763784,
      25.435235985883857,
      29.160335177860752
    ],
    "upper_intervals": [
      3.4105664122541115,
      7.159070224980564,
      10.964256272211648,
      14.932296757625497,
      19.14733826564905,
      23.495467784459937,
      27.888583922816956,
      32.298948897317146
    ],
    "model_type": "mode_Car"
  },
  "mode_Bus": {
    "distance_values": [
      0.2,
      1.3071428571428572,
      2.4142857142857146,
      3.521428571428572,
      4.628571428571429,
      5.735714285714287,
      6.842857142857143,
      7.95
    ],
    "predicted_times": [
      -0.5817704164918438,
      9.623460398999308,
      19.828691214490462,
      30.03392202998161,
      40.239152845472766,
      50.44438366096392,
      60.64961447645506,
      70.85484529194622
    ],
    "lower_intervals": [
      -1.7342696335543477,
      8.800967548619983,
      19.271651730238073,
      29.554703979817724,
      39.57993713973963,
      49.4825940746909,
      59.34536314931875,
      69.19271945588382
    ],
    "upper_intervals": [
      0.5707288005706233,
      10.4459532493786,
      20.38573069874283,
      30.51314008014549,
      40.89836855120589,
      51.40617324723693,
      61.95386580359139,
      72.51697112800862
    ],
    "model_type": "mode_Bus"
  },
  "mode_Cycle": {
    "distance_values": [
      0.2,
      1.3071428571428572,
      2.4142857142857146,
      3.521428571428572,
      4.628571428571429,
      5.735714285714287,
      6.842857142857143,
      7.95
    ],
    "predicted_times": [
      1.039026822738964,
      5.1025024308185305,
      9.165978038898098,
      13.229453646977666,
      17.29292925505723,
      21.356404863136802,
      25.419880471216366,
      29.48335607929593
    ],
    "lower_intervals": [
      0.6807285239705525,
      4.865660057828571,
      9.005745856378546,
      13.036793845994865,
      16.992222338870103,
      20.925597593120262,
      24.851876455135738,
      28.77517134026477
    ],
    "upper_intervals": [
      1.3973251215073828,
      5.339344803808493,
      9.326210221417654,
      13.422113447960463,
      17.59363617124436,
      21.787212133153336,
      25.987884487296988,
      30.191540818327084
    ],
    "model_type": "mode_Cycle"
  },
  "mode_Walk": {
    "distance_values": [
      0.2,
      1.3071428571428572,
      2.4142857142857146,
      3.521428571428572,
      4.628571428571429,
      5.735714285714287,
      6.842857142857143,
      7.95
    ],
    "predicted_times": [
      8.068039942968149,
      18.233248956482214,
      28.39845796999628,
      38.563666983510345,
      48.72887599702442,
      58.894085010538475,
      69.05929402405255,
      79.2245030375666
    ],
    "lower_intervals": [
      4.972175471798934,
      16.033773578165114,
      26.57610902119094,
      36.31997179966425,
      45.570184954799835,
      54.63375183602515,
      63.62298120644341,
      72.57721005625781
    ],
    "upper_intervals": [
      11.163904414137324,
      20.432724334799286,
      30.220806918801603,
      40.80736216735644,
      51.887567039249,
      63.15441818505183,
      74.49560684166171,
      85.87179601887546
    ],
    "model_type": "mode_Walk"
  }
}