{
  "full_dataset": {
    "distance_values": [
      0.2,
      1.3071428571428572,
      2.4142857142857146,
      3.521428571428572,
      4.628571428571429,
      5.735714285714287,
      6.842857142857143,
      7.95
    ],
    "predicted_times": [
      2.939802287034402,
      9.381191339250865,
      15.82258039146733,
      22.263969443683795,
      28.705358495900256,
      35.14674754811672,
      41.588136600333186,
      48.02952565254965
    ],
    "lower_intervals": [
      0.43330675108726124,
      7.607453249685889,
      14.578114301080872,
      21.043245481861387,
      26.98182716955005,
      32.69932531728873,
      38.34035073607287,
      43.94966382090331
    ],
    "upper_intervals": [
      5.446297822981528,
      11.154929428815834,
      17.067046481853794,
      23.48469340550621,
      30.428889822250483,
      37.59416977894474,
      44.83592246459353,
      52.10938748419602
    ],
    "model_type": "full_dataset"
  },
  "mode_Car": {
    "distance_values": [
      0.2,
      1.3071428571428572,
      2.4142857142857146,
      3.521428571428572,
      4.628571428571429,
      5.735714285714287,
      6.842857142857143,
      7.95
    ],
    "predicted_times": [
      2.2089532094437603,
      6.288982570015566,
      10.369011930587373,
      14.449041291159178,
      18.529070651730983,
      22.609100012302793,
      26.689129372874596,
      30.7691587334464
    ],
    "lower_intervals": [
      1.022043625056582,
      5.429842096288272,
      9.78017181127077,
      13.964701163695599,
      17.895288060884326,
      21.688221232938545,
      25.434698258567924,
      29.163412970496303
    ],
    "upper_intervals": [
      3.3958627938309394,
      7.14812304374286,
      10.957852049903972,
      14.933381418622753,
      19.162853242577633,
      23.529978791667027,
      27.943560487181255,
      32.37490449639648
    ],
    "model_type": "mode_Car"
  },
  "mode_Bus": {
    "distance_values": [
      0.2,
      1.3071428571428572,
      2.4142857142857146,
      3.521428571428572,
      4.628571428571429,
      5.735714285714287,
      6.842857142857143,
      7.95
    ],
    "predicted_times": [
      -0.5817704164918438,
      9.623460398999308,
      19.828691214490462,
      30.03392202998161,
      40.239152845472766,
      50.44438366096392,
      60.64961447645506,
      70.85484529194622
    ],
    "lower_intervals": [
      -1.7342696335543477,
      8.800967548619983,
      19.271651730238073,
      29.554703979817724,
      39.57993713973963,
      49.4825940746909,
      59.34536314931875,
      69.19271945588382
    ],
    "upper_intervals": [
      0.5707288005706233,
      10.4459532493786,
      20.38573069874283,
      30.51314008014549,
      40.89836855120589,
      51.40617324723693,
      61.95386580359139,
      72.51697112800862
    ],
    "model_type": "mode_Bus"
  },
  "mode_Cycle": {
    "distance_values": [
      0.2,
      1.3071428571428572,
      2.4142857142857146,
      3.521428571428572,
      4.628571428571429,
      5.735714285714287,
      6.842857142857143,
      7.95
    ],
    "predicted_times": [
      1.0964567674767167,
      5.155465356545695,
      9.214473945614674,
      13.273482534683653,
      17.332491123752632,
      21.391499712821613,
      25.450508301890586,
      29.509516890959567
    ],
    "lower_intervals": [
      0.7152041561384181,
      4.902694231296597,
      9.043069070984858,
      13.069000942568922,
      17.014383416897807,
      20.93595717256128,
      24.84984849801406,
      28.76050948433472
    ],
    "upper_intervals": [
      1.477709378815021,
      5.408236481794797,
      9.385878820244494,
      13.477964126798385,
      17.65059883060745,
      21.847042253081938,
      26.051168105767104,
      30.2585242975844
    ],
    "model_type": "mode_Cycle"
  },
  "mode_Walk": {
    "distance_values": [
      0.2,
      1.3071428571428572,
      2.4142857142857146,
      3.521428571428572,
      4.628571428571429,
      5.735714285714287,
      6.842857142857143,
      7.95
    ],
    "predicted_times": [
      8.068039942968149,
      18.233248956482214,
      28.39845796999628,
      38.563666983510345,
      48.72887599702442,
      58.894085010538475,
      69.05929402405255,
      79.2245030375666
    ],
    "lower_intervals": [
      4.972175471798934,
      16.033773578165114,
      26.57610902119094,
      36.31997179966425,
      45.570184954799835,
      54.63375183602515,
      63.62298120644341,
      72.57721005625781
    ],
    "upper_intervals": [
      11.163904414137324,
      20.432724334799286,
      30.220806918801603,
      40.80736216735644,
      51.887567039249,
      63.15441818505183,
      74.49560684166171,
      85.87179601887546
    ],
    "model_type": "mode_Walk"
  }
}