{
  "full_dataset": {
    "distance_values": [
      0.2,
      1.3071428571428572,
      2.4142857142857146,
      3.521428571428572,
      4.628571428571429,
      5.735714285714287,
      6.842857142857143,
      7.95
    ],
    "predicted_times": [
      2.8705087785993033,
      9.342706515149331,
      15.814904251699362,
      22.287101988249393,
      28.759299724799423,
      35.23149746134945,
      41.70369519789948,
      48.17589293444951
    ],
    "lower_intervals": [
      0.375952598769961,
      7.578841744253173,
      14.574993587228157,
      21.061830952148668,
      27.026397275692062,
      32.77337545166111,
      38.44493349119503,
      44.085117575446105
    ],
    "upper_intervals": [
      5.3650649584286665,
      11.10657128604552,
      17.054814916170606,
      23.51237302435016,
      30.492202173906833,
      37.68961947103786,
      44.962456904604,
      52.26666829345298
    ],
    "model_type": "full_dataset"
  },
  "mode_Car": {
    "distance_values": [
      0.2,
      1.3071428571428572,
      2.4142857142857146,
      3.521428571428572,
      4.628571428571429,
      5.735714285714287,
      6.842857142857143,
      7.95
    ],
    "predicted_times": [
      2.170594713875435,
      6.243474512895339,
      10.316354311915243,
      14.389234110935147,
      18.46211390995505,
      22.53499370897496,
      26.60787350799486,
      30.68075330701476
    ],
    "lower_intervals": [
      0.9826924806833579,
      5.384279233945987,
      9.727046063696724,
      13.901059175311337,
      17.820780769982036,
      21.604260397339775,
      25.341704613000775,
      29.061473925247338
    ],
    "upper_intervals": [
      3.3584969470675397,
      7.102669791844711,
      10.905662560133779,
      14.877409046558965,
      19.103447049928064,
      23.465727020610128,
      27.87404240298893,
      32.300032688782174
    ],
    "model_type": "mode_Car"
  },
  "mode_Bus": {
    "distance_values": [
      0.2,
      1.3071428571428572,
      2.4142857142857146,
      3.521428571428572,
      4.628571428571429,
      5.735714285714287,
      6.842857142857143,
      7.95
    ],
    "predicted_times": [
      -0.4961624084516618,
      9.6583789421286,
      19.812920292708863,
      29.967461643289127,
      40.12200299386939,
      50.276544344449654,
      60.43108569502991,
      70.58562704561015
    ],
    "lower_intervals": [
      -1.659990281909603,
      8.827704063750227,
      19.24920926276786,
      29.479872231834864,
      39.45122681642686,
      49.29962988378105,
      59.10782949010232,
      68.90043386930299
    ],
    "upper_intervals": [
      0.6676654650062732,
      10.48905382050697,
      20.376631322649867,
      30.455051054743382,
      40.79277917131191,
      51.25345880511827,
      61.754341899957524,
      72.27082022191735
    ],
    "model_type": "mode_Bus"
  },
  "mode_Cycle": {
    "distance_values": [
      0.2,
      1.3071428571428572,
      2.4142857142857146,
      3.521428571428572,
      4.628571428571429,
      5.735714285714287,
      6.842857142857143,
      7.95
    ],
    "predicted_times": [
      1.0001903004440373,
      5.117898539382308,
      9.23560677832058,
      13.35331501725885,
      17.47102325619712,
      21.58873149513539,
      25.706439734073662,
      29.824147973011932
    ],
    "lower_intervals": [
      0.6457515025011691,
      4.884565138085583,
      9.07756951690043,
      13.160388189169463,
      17.169063935825896,
      21.156467933769836,
      25.137020883865148,
      29.1146851109648
    ],
    "upper_intervals": [
      1.354629098386894,
      5.351231940679026,
      9.39364403974073,
      13.546241845348241,
      17.772982576568353,
      22.02099505650097,
      26.275858584282197,
      30.533610835059086
    ],
    "model_type": "mode_Cycle"
  },
  "mode_Walk": {
    "distance_values": [
      0.2,
      1.3071428571428572,
      2.4142857142857146,
      3.521428571428572,
      4.628571428571429,
      5.735714285714287,
      6.842857142857143,
      7.95
    ],
    "predicted_times": [
      8.487312846288953,
      18.449048729410258,
      28.41078461253156,
      38.372520495652864,
      48.33425637877417,
      58.29599226189548,
      68.25772814501677,
      78.21946402813806
    ],
    "lower_intervals": [
      5.47356050634121,
      16.300391541465643,
      26.62460354536908,
      36.18075215782803,
      45.259041811087684,
      54.15476884646024,
      62.97736748835657,
      71.76544384681861
    ],
    "upper_intervals": [
      11.501065186236707,
      20.597705917354887,
      30.196965679694063,
      40.56428883347771,
      51.40947094646067,
      62.43721567733073,
      73.53808880167699,
      84.67348420945757
    ],
    "model_type": "mode_Walk"
  }
}