{
  "full_dataset": {
    "model_type": "full_dataset",
    "metrics": {
      "r": 0.6543862622960215,
      "r_squared": 0.4282213802817566,
      "adjusted_r_squared": 0.4261719945479995,
      "rmse": 9.805757363429915,
      "mae": 8.268823034697574
    },
    "coefficients": {
      "intercept": 1.7761965227630327,
      "coefficient": 5.818028821356809,
      "p_value": 9.866621212347917e-36,
      "is_significant": true
    },
    "confidence_intervals": {
      "intercept_ci": [
        -0.8720480801177557,
        4.424441125643821
      ],
      "coefficient_ci": [
        5.0257288174559624,
        6.610328825257656
      ]
    },
    "formula": "Time = 1.78 + 5.82 * Distance"
  },
  "mode_Car": {
    "model_type": "mode_Car",
    "mode": "Car",
    "sample_size": 84,
    "metrics": {
      "r": 0.9230057784989832,
      "r_squared": 0.8519396671425139,
      "adjusted_r_squared": 0.8501340533271787,
      "rmse": 2.225005428130028,
      "mae": 1.1857085829764302
    },
    "coefficients": {
      "intercept": 1.4719156475340154,
      "coefficient": 3.6851878095487267,
      "p_value": 9.238430513002328e-36,
      "is_significant": true
    },
    "confidence_intervals": {
      "intercept_ci": [
        0.22304460145586114,
        2.72078669361217
      ],
      "coefficient_ci": [
        3.3476892105610574,
        4.022686408536396
      ]
    },
    "formula": "Time = 1.47 + 3.69 * Distance"
  },
  "mode_Bus": {
    "model_type": "mode_Bus",
    "mode": "Bus",
    "sample_size": 77,
    "metrics": {
      "r": 0.9872917197600858,
      "r_squared": 0.9747449399068288,
      "adjusted_r_squared": 0.9744082057722532,
      "rmse": 2.0795948208570914,
      "mae": 1.7006258863777968
    },
    "coefficients": {
      "intercept": -2.425295983161232,
      "coefficient": 9.21762783334685,
      "p_value": 1.1387687703300854e-61,
      "is_significant": true
    },
    "confidence_intervals": {
      "intercept_ci": [
        -3.640385844995018,
        -1.210206121327446
      ],
      "coefficient_ci": [
        8.876333677989551,
        9.558921988704148
      ]
    },
    "formula": "Time = -2.43 + 9.22 * Distance"
  },
  "mode_Cycle": {
    "model_type": "mode_Cycle",
    "mode": "Cycle",
    "sample_size": 71,
    "metrics": {
      "r": 0.9878734819958856,
      "r_squared": 0.9758940164306743,
      "adjusted_r_squared": 0.9755446543499594,
      "rmse": 0.707796144775983,
      "mae": 0.5158388304317664
    },
    "coefficients": {
      "intercept": 0.3632165062255495,
      "coefficient": 3.6662013062558505,
      "p_value": 1.4770571002918317e-57,
      "is_significant": true
    },
    "confidence_intervals": {
      "intercept_ci": [
        -0.0430781039290441,
        0.7695111163801431
      ],
      "coefficient_ci": [
        3.5278179434125483,
        3.8045846690991527
      ]
    },
    "formula": "Time = 0.36 + 3.67 * Distance"
  },
  "mode_Walk": {
    "model_type": "mode_Walk",
    "mode": "Walk",
    "sample_size": 49,
    "metrics": {
      "r": 0.9199883884214191,
      "r_squared": 0.8463786348302391,
      "adjusted_r_squared": 0.8431100951457762,
      "rmse": 6.339571613594037,
      "mae": 3.9729316039347116
    },
    "coefficients": {
      "intercept": 6.231744121172039,
      "coefficient": 9.18147910898045,
      "p_value": 9.545907496513974e-21,
      "is_significant": true
    },
    "confidence_intervals": {
      "intercept_ci": [
        2.947496763355142,
        9.515991478988935
      ],
      "coefficient_ci": [
        8.033644942945099,
        10.329313275015803
      ]
    },
    "formula": "Time = 6.23 + 9.18 * Distance"
  }
}