{
  "full_dataset": {
    "model_type": "full_dataset",
    "metrics": {
      "r": 0.6597157763885095,
      "r_squared": 0.43522490561589355,
      "adjusted_r_squared": 0.4331636826436889,
      "rmse": 9.720058156051975,
      "mae": 8.235298150572488
    },
    "coefficients": {
      "intercept": 1.7013375745773724,
      "coefficient": 5.845856020109707,
      "p_value": 7.383147712865546e-36,
      "is_significant": 