{
  "advanced_statistics": {
    "Case": {
      "mean": 140.97864768683274,
      "median": 141.0,
      "std": 81.28771370627476,
      "skewness": -0.0003603618674477993,
      "kurtosis": -1.2004458373735958,
      "ci_95_low": 131.43309452366805,
      "ci_95_high": 150.52420084999744,
      "shapiro_stat": 0.9545605412227582,
      "shapiro_p_value": 1.1306893301224827e-07,
      "is_normal": "False"
    },
    "Distance": {
      "mean": 3.009964412811388,
      "median": 3.0,
      "std": 1.4559570976363283,
      "skewness": 0.2003015666236206,
      "kurtosis": -0.43005358147742134,
      "ci_95_low": 2.838992500266359,
      "ci_95_high": 3.1809363253564165,
      "shapiro_stat": 0.9711778579789239,
      "shapiro_p_value": 1.9677596701812386e-05,
      "is_normal": "False"
    },
    "Time": {
      "mean": 19.28825622775801,
      "median": 16.0,
      "std": 12.944648817941225,
      "skewness": 0.8964085923442808,
      "kurtosis": -0.3528914884541079,
      "ci_95_low": 17.768176158626765,
      "ci_95_high": 20.80833629688925,
      "shapiro_stat": 0.8798006857506244,
      "shapiro_p_value": 4.57320851043888e-14,
      "is_normal": "False"
    }
  },
  "group_statistics": {
    "Mode": {
      "Case": {
        "Bus": {
          "mean": 138.05194805194805,
          "median": 137.0,
          "std": 84.58457245544811,
          "count": 77,
          "skewness": -0.006752540848755195,
          "kurtosis": -1.245543045234536,
          "ci_95_low": 118.85360504783615,
          "ci_95_high": 157.25029105605992
        },
        "Car": {
          "mean": 144.42857142857142,
          "median": 149.5,
          "std": 83.26764594117692,
          "count": 84,
          "skewness": 0.08195068076516868,
          "kurtosis": -1.2737869202682213,
          "ci_95_low": 126.35838450845526,
          "ci_95_high": 162.49875834868757
        },
        "Cycle": {
          "mean": 142.11267605633802,
          "median": 152.0,
          "std": 81.39542796843683,
          "count": 71,
          "skewness": -0.12651990330054974,
          "kurtosis": -1.1742760921382152,
          "ci_95_low": 122.84669258360975,
          "ci_95_high": 161.37865952906628
        },
        "Walk": {
          "mean": 138.0204081632653,
          "median": 127.0,
          "std": 74.29992423614306,
          "count": 49,
          "skewness": 0.03432230748375749,
          "kurtosis": -1.093287751175009,
          "ci_95_low": 116.67897814068868,
          "ci_95_high": 159.36183818584192
        }
      },
      "Distance": {
        "Bus": {
          "mean": 3.2805194805194806,
          "median": 3.2,
          "std": 1.3923700885293773,
          "count": 77,
          "skewness": -0.078196746501719,
          "kurtosis": -1.4098062048583249,
          "ci_95_low": 2.964490235797196,
          "ci_95_high": 3.596548725241765
        },
        "Car": {
          "mean": 3.4124999999999996,
          "median": 3.55,
          "std": 1.4395421586414288,
          "count": 84,
          "skewness": 0.18547078000381503,
          "kurtosis": -0.335102869018594,
          "ci_95_low": 3.1001002006299725,
          "ci_95_high": 3.724899799370027
        },
        "Cycle": {
          "mean": 2.674647887323944,
          "median": 2.6,
          "std": 1.219568812544494,
          "count": 71,
          "skewness": 0.0847479229695504,
          "kurtosis": -0.9653229697343266,
          "ci_95_low": 2.385980659043649,
          "ci_95_high": 2.9633151156042388
        },
        "Walk": {
          "mean": 2.3806122448979594,
          "median": 2.4,
          "std": 1.6037331554886571,
          "count": 49,
          "skewness": 0.793094995785751,
          "kurtosis": 1.2832718622358557,
          "ci_95_low": 1.9199662985579764,
          "ci_95_high": 2.841258191237942
        }
      },
      "Time": {
        "Bus": {
          "mean": 27.81331168831169,
          "median": 26.0,
          "std": 12.999551222273771,
          "count": 77,
          "skewness": -0.0977626023131643,
          "kurtosis": -1.4002497417474358,
          "ci_95_low": 24.86277548507929,
          "ci_95_high": 30.76384789154409
        },
        "Car": {
          "mean": 14.047619047619047,
          "median": 15.0,
          "std": 5.747508128263246,
          "count": 84,
          "skewness": -0.13129089094396076,
          "kurtosis": -1.14191293687951,
          "ci_95_low": 12.800333321828589,
          "ci_95_high": 15.294904773409506
        },
        "Cycle": {
          "mean": 10.169014084507042,
          "median": 10.0,
          "std": 4.526070245944859,
          "count": 71,
          "skewness": -0.03352030767101528,
          "kurtosis": -0.8617457622706497,
          "ci_95_low": 9.097710735766194,
          "ci_95_high": 11.24031743324789
        },
        "Walk": {
          "mean": 28.089285714285715,
          "median": 30.0,
          "std": 16.005248162712128,
          "count": 49,
          "skewness": -0.14453629507326118,
          "kurtosis": -1.5227657556236764,
          "ci_95_low": 23.492041677092804,
          "ci_95_high": 32.68652975147863
        }
      }
    }
  },
  "significance_tests": {
    "Time": {
      "error": "Error performing Tukey HSD test: 'TukeyHSDResults' object has no attribute 'pairindices'",
      "anova_result": {
        "f_statistic": 55.44400102872353,
        "p_value": 4.221977925915859e-28,
        "is_significant": "True",
        "groups": [
          "Bus",
          "Car",
          "Cycle",
          "Walk"
        ]
      }
    },
    "Distance": {
      "error": "Error performing Tukey HSD test: 'TukeyHSDResults' object has no attribute 'pairindices'",
      "anova_result": {
        "f_statistic": 7.873871298277984,
        "p_value": 4.643792992364079e-05,
        "is_significant": "True",
        "groups": [
          "Bus",
          "Car",
          "Cycle",
          "Walk"
        ]
      }
    }
  }
}