{
  "advanced_statistics": {
    "Case": {
      "mean": 140.97864768683274,
      "median": 141.0,
      "std": 81.28771370627476,
      "skewness": -0.0003603618674477993,
      "kurtosis": -1.2004458373735958,
      "ci_95_low": 131.43309452366805,
      "ci_95_high": 150.52420084999744,
      "shapiro_stat": 0.9545605412227582,
      "shapiro_p_value": 1.1306893301224827e-07,
      "is_normal": "False"
    },
    "Distance": {
      "mean": 3.009964412811388,
      "median": 3.0,
      "std": 1.4559570976363283,
      "skewness": 0.2003015666236206,
      "kurtosis": -0.43005358147742134,
      "ci_95_low": 2.838992500266359,
      "ci_95_high": 3.1809363253564165,
      "shapiro_stat": 0.9711778579789239,
      "shapiro_p_value": 1.9677596701812386e-05,
      "is_normal": "False"
    },
    "Time": {
      "mean": 19.28825622775801,
      "median": 16.0,
      "std": 12.944648817941225,
      "skewness": 0.8964085923442808,
      "kurtosis": -0.3528914884541079,
      "ci_95_low": 17.768176158626765,
      "ci_95_high": 20.80833629688925,
      "shapiro_stat": 0.8798006857506244,
      "shapiro_p_value": 4.57320851043888e-14,
      "is_normal": "False"
    }
  },
  "group_statistics": {
    "Mode": {
      "Case": {
        "Bus": {
          "mean": 138.05194805194805,
          "median": 137.0,
          "std": 84.58457245544811,
          "count": 77,
          "skewness": -0.006752540848755195,
          "kurtosis": -1.245543045234536,
          "ci_95_low": 118.85360504783615,
          "ci_95_high": 157.25029105605992
        },
        "Car": {
          "mean": 143.37209302325581,
          "median": 149.5,
          "std": 83.3052567385372,
          "count": 86,
          "skewness": 0.08547683140824615,
          "kurtosis": -1.267126106124459,
          "ci_95_low": 125.5114091297105,
          "ci_95_high": 161.23277691680113
        },
        "Cycle": {
          "mean": 143.36231884057972,
          "median": 152.0,
          "std": 81.31022130495988,
          "count": 69,
          "skewness": -0.13595316263423968,
          "kurtosis": -1.1646024029087934,
          "ci_95_low": 123.82947094721982,
          "ci_95_high": 162.89516673393962
        },
        "Walk": {
          "mean": 138.0204081632653,
          "median": 127.0,
          "std": 74.29992423614306,
          "count": 49,
          "skewness": 0.03432230748375749,
          "kurtosis": -1.093287751175009,
          "ci_95_low": 116.67897814068868,
          "ci_95_high": 159.36183818584192
        }
      },
      "Distance": {
        "Bus": {
          "mean": 3.2805194805194806,
          "median": 3.2,
          "std": 1.3923700885293773,
          "count": 77,
          "skewness": -0.078196746501719,
          "kurtosis": -1.4098062048583249,
          "ci_95_low": 2.964490235797196,
          "ci_95_high": 3.596548725241765
        },
        "Car": {
          "mean": 3.4029069767441866,
          "median": 3.55,
          "std": 1.442350097240464,
          "count": 86,
          "skewness": 0.17746028642777326,
          "kurtosis": -0.37558568689601257,
          "ci_95_low": 3.093666477894382,
          "ci_95_high": 3.712147475593991
        },
        "Cycle": {
          "mean": 2.6652173913043473,
          "median": 2.6,
          "std": 1.2090134635260321,
          "count": 69,
          "skewness": 0.0754891440081664,
          "kurtosis": -0.9165036610231154,
          "ci_95_low": 2.3747806454061084,
          "ci_95_high": 2.955654137202586
        },
        "Walk": {
          "mean": 2.3806122448979594,
          "median": 2.4,
          "std": 1.6037331554886571,
          "count": 49,
          "skewness": 0.793094995785751,
          "kurtosis": 1.2832718622358557,
          "ci_95_low": 1.9199662985579764,
          "ci_95_high": 2.841258191237942
        }
      },
      "Time": {
        "Bus": {
          "mean": 27.81331168831169,
          "median": 26.0,
          "std": 12.999551222273771,
          "count": 77,
          "skewness": -0.0977626023131643,
          "kurtosis": -1.4002497417474358,
          "ci_95_low": 24.86277548507929,
          "ci_95_high": 30.76384789154409
        },
        "Car": {
          "mean": 14.023255813953488,
          "median": 15.0,
          "std": 5.733240012390173,
          "count": 86,
          "skewness": -0.1262266779016286,
          "kurtosis": -1.1535271533130216,
          "ci_95_low": 12.794046619286227,
          "ci_95_high": 15.25246500862075
        },
        "Cycle": {
          "mean": 10.08695652173913,
          "median": 10.0,
          "std": 4.484414613363982,
          "count": 69,
          "skewness": -0.057901349638692895,
          "kurtosis": -0.861714011366669,
          "ci_95_low": 9.009682507134329,
          "ci_95_high": 11.164230536343933
        },
        "Walk": {
          "mean": 28.089285714285715,
          "median": 30.0,
          "std": 16.005248162712128,
          "count": 49,
          "skewness": -0.14453629507326118,
          "kurtosis": -1.5227657556236764,
          "ci_95_low": 23.492041677092804,
          "ci_95_high": 32.68652975147863
        }
      }
    }
  },
  "significance_tests": {
    "Time": {
      "error": "Error performing Tukey HSD test: 'TukeyHSDResults' object has no attribute 'pairindices'",
      "anova_result": {
        "f_statistic": 55.51637312747097,
        "p_value": 3.946746084152107e-28,
        "is_significant": "True",
        "groups": [
          "Bus",
          "Car",
          "Cycle",
          "Walk"
        ]
      }
    },
    "Distance": {
      "error": "Error performing Tukey HSD test: 'TukeyHSDResults' object has no attribute 'pairindices'",
      "anova_result": {
        "f_statistic": 7.852886600041963,
        "p_value": 4.7750711802955386e-05,
        "is_significant": "True",
        "groups": [
          "Bus",
          "Car",
          "Cycle",
          "Walk"
        ]
      }
    }
  }
}